# omega(Hartree), S(1/Hartree)
3.872981044623328853e-04,6.068004763223382447e+00
7.745962089246657706e-04,6.321639445650808931e+00
1.161894313386998548e-03,6.580995438165229139e+00
1.549192417849331541e-03,6.845920105523473076e+00
1.936490522311664535e-03,7.116244592283514692e+00
2.323788626773997095e-03,7.391784006417592146e+00
2.711086731236330739e-03,7.672337677575563397e+00
3.098384835698663083e-03,7.957689489400640248e+00
3.485682940160995859e-03,8.247608284732693917e+00
3.872981044623329070e-03,8.541848341963461877e+00
4.260279149085661847e-03,8.840149920253434601e+00
4.647577253547994190e-03,9.142239870793931189e+00
5.034875358010328268e-03,9.447832310776103526e+00
5.422173462472661479e-03,9.756629356272178200e+00
5.809471566934992955e-03,1.006832190977909036e+01
6.196769671397326165e-03,1.038259049779105325e+01
6.584067775859659376e-03,1.069910615341070859e+01
6.971365880321991719e-03,1.101753133871549650e+01
7.358663984784324930e-03,1.133752090134371571e+01
7.745962089246658140e-03,1.165872305957875277e+01
8.133260193708991351e-03,1.198078041006983874e+01
8.520558298171323694e-03,1.230333095225152462e+01
8.907856402633657772e-03,1.262600912350111138e+01
9.295154507095988380e-03,1.294844683910468497e+01
9.682452611558322458e-03,1.327027453119000633e+01
1.006975071602065654e-02,1.359112218091962809e+01
1.045704882048298888e-02,1.391062033842452017e+01
1.084434692494532296e-02,1.422840112518651345e+01
1.123164502940765357e-02,1.454409921384685234e+01
1.161894313386998591e-02,1.485735278072500343e+01
1.200624123833231999e-02,1.516780442666844131e+01
1.239353934279465233e-02,1.547510206221533835e+01
1.278083744725698641e-02,1.577889975343784279e+01
1.316813555171931875e-02,1.607885852523464365e+01
1.355543365618165109e-02,1.637464711924989658e+01
1.394273176064398344e-02,1.666594270401778033e+01
1.433002986510631752e-02,1.695243153534789116e+01
1.471732796956864986e-02,1.723380956538512265e+01
1.510462607403098394e-02,1.750978299918663694e+01
1.549192417849331628e-02,1.778006879805597507e+01
1.587922228295564689e-02,1.804439512926293077e+01
1.626652038741798270e-02,1.830250176213812807e+01
1.665381849188031504e-02,1.855414041088455335e+01
1.704111659634264739e-02,1.879907502476941517e+01
1.742841470080497973e-02,1.903708202666074456e+01
1.781571280526731554e-02,1.926795050115107344e+01
1.820301090972964442e-02,1.949148233375531802e+01
1.859030901419197676e-02,1.970749230289597165e+01
1.897760711865431257e-02,1.991580812658174438e+01
1.936490522311664492e-02,2.011627046585261525e+01
1.975220332757897726e-02,2.030873288720767178e+01
2.013950143204131307e-02,2.049306178634484965e+01
2.052679953650364542e-02,2.066913627563387124e+01
2.091409764096597776e-02,2.083684803780656480e+01
2.130139574542831010e-02,2.099610114839414265e+01
2.168869384989064591e-02,2.114681186946354430e+01
2.207599195435297479e-02,2.128890841720347282e+01
2.246329005881530713e-02,2.142233070589732336e+01
2.285058816327763948e-02,2.154703007078790833e+01
2.323788626773997182e-02,2.166296897228819418e+01
2.362518437220230763e-02,2.177012068393314692e+01
2.401248247666463997e-02,2.186846896639684701e+01
2.439978058112697232e-02,2.195800772981156257e+01
2.478707868558930466e-02,2.203874068654076623e+01
2.517437679005164047e-02,2.211068099645370921e+01
2.556167489451397282e-02,2.217385090665083069e+01
2.594897299897630516e-02,2.222828138747707882e+01
2.633627110343863750e-02,2.227401176655430604e+01
2.672356920790096638e-02,2.231108936244440244e+01
2.711086731236330219e-02,2.233956911944785517e+01
2.749816541682563453e-02,2.235951324492510750e+01
2.788546352128796688e-02,2.237099085041519331e+01
2.827276162575029922e-02,2.237407759771764404e+01
2.866005973021263503e-02,2.236885535099083810e+01
2.904735783467496738e-02,2.235541183581932856e+01
2.943465593913729972e-02,2.233384030609431292e+01
2.982195404359963553e-02,2.230423921945541110e+01
3.020925214806196787e-02,2.226671192194856275e+01
3.059655025252430022e-02,2.222136634245887876e+01
3.098384835698663256e-02,2.216831469739528870e+01
3.137114646144896490e-02,2.210767320602009889e+01
3.175844456591129378e-02,2.203956181673974868e+01
3.214574267037362959e-02,2.196410394459901028e+01
3.253304077483596540e-02,2.188142622015364580e+01
3.292033887929829428e-02,2.179165824983209276e+01
3.330763698376063009e-02,2.169493238784029288e+01
3.369493508822295896e-02,2.159138351959884616e+01
3.408223319268529478e-02,2.148114885666725726e+01
3.446953129714763059e-02,2.136436774304493014e+01
3.485682940160995946e-02,2.124118147270699097e+01
3.524412750607229527e-02,2.111173311818883391e+01
3.563142561053463109e-02,2.097616736999676945e+01
3.601872371499695996e-02,2.083463038659010635e+01
3.640602181945928884e-02,2.068726965464714951e+01
3.679331992392162465e-02,2.053423385930235412e+01
3.718061802838395352e-02,2.037567276401561145e+01
3.756791613284628933e-02,2.021173709971007426e+01
3.795521423730862515e-02,2.004257846279803346e+01
3.834251234177095402e-02,1.986834922169039430e+01
3.872981044623328983e-02,1.968920243137396042e+01
3.911710855069562565e-02,1.950529175561900530e+01
3.950440665515795452e-02,1.931677139637123375e+01
3.989170475962029033e-02,1.912379602986674243e+01
4.027900286408262615e-02,1.892652074899613623e+01
4.066630096854495502e-02,1.872510101143696204e+01
4.105359907300729083e-02,1.851969259306072502e+01
4.144089717746961971e-02,1.831045154611508607e+01
4.182819528193195552e-02,1.809753416167297502e+01
4.221549338639429133e-02,1.788109693583386672e+01
4.260279149085662020e-02,1.766129653915696451e+01
4.299008959531895602e-02,1.743828978880187464e+01
4.337738769978129183e-02,1.721223362284706226e+01
4.376468580424361376e-02,1.698328507625441475e+01
4.415198390870594958e-02,1.675160125794593213e+01
4.453928201316827845e-02,1.651733932845816710e+01
4.492658011763061426e-02,1.628065647763864732e+01
4.531387822209294314e-02,1.604170990185316725e+01
4.570117632655527895e-02,1.580065678017423991e+01
4.608847443101761476e-02,1.555765424902304694e+01
4.647577253547994364e-02,1.531285937475185577e+01
4.686307063994227945e-02,1.506642912365197517e+01
4.725036874440461526e-02,1.481852032889198156e+01
4.763766684886694414e-02,1.456928965389683128e+01
4.802496495332927995e-02,1.431889355170286393e+01
4.841226305779161576e-02,1.406748821983058662e+01
4.879956116225394464e-02,1.381522955024930432e+01
4.918685926671628045e-02,1.356227307402488158e+01
4.957415737117860932e-02,1.330877390027414719e+01
4.996145547564094513e-02,1.305488664907755236e+01
5.034875358010328095e-02,1.280076537803822667e+01
5.073605168456560982e-02,1.254656350221383754e+01
5.112334978902794563e-02,1.229243370718914008e+01
5.151064789349028145e-02,1.203852785510565404e+01
5.189794599795261032e-02,1.178499688351067576e+01
5.228524410241494613e-02,1.153199069694437817e+01
5.267254220687727501e-02,1.127965805124128273e+01
5.305984031133961082e-02,1.102814643057980781e+01
5.344713841580193275e-02,1.077760191738006768e+01
5.383443652026426857e-02,1.052816905521577695e+01
5.422173462472660438e-02,1.027999070497374845e+01
5.460903272918893325e-02,1.003320789456660656e+01
5.499633083365126907e-02,9.787959662575408615e+00
5.538362893811360488e-02,9.544382896273999606e+00
5.577092704257593375e-02,9.302612164555405627e+00
5.615822514703826956e-02,9.062779546359276850e+00
5.654552325150059844e-02,8.825014455264364344e+00
5.693282135596293425e-02,8.589443460983396506e+00
5.732011946042527006e-02,8.356190108561387220e+00
5.770741756488759894e-02,8.125374736139352905e+00
5.809471566934993475e-02,7.897114292204443942e+00
5.848201377381227056e-02,7.671522153298353075e+00
5.886931187827459944e-02,7.448707943196434478e+00
5.925660998273693525e-02,7.228777354614698503e+00
5.964390808719927106e-02,7.011831974519871835e+00
6.003120619166159994e-02,6.797969114147525360e+00
6.041850429612393575e-02,6.587281644839220185e+00
6.080580240058626462e-02,6.379857840805008173e+00
6.119310050504860043e-02,6.175781229916315063e+00
6.158039860951093625e-02,5.975130453603175518e+00
6.196769671397326512e-02,5.777979136906601809e+00
6.235499481843560093e-02,5.584395769684720179e+00
6.274229292289792981e-02,5.394443599923430810e+00
6.312959102736025174e-02,5.208180540036902784e+00
6.351688913182258756e-02,5.025659086964241240e+00
6.390418723628492337e-02,4.846926256795450527e+00
6.429148534074725918e-02,4.672023534553135349e+00
6.467878344520959499e-02,4.500986839672317608e+00
6.506608154967193081e-02,4.333846507603170473e+00
6.545337965413425274e-02,4.170627287857914922e+00
6.584067775859658855e-02,4.011348358700719707e+00
6.622797586305892437e-02,3.856023358572239434e+00
6.661527396752126018e-02,3.704660434209236186e+00
6.700257207198359599e-02,3.557262305309399242e+00
6.738987017644591793e-02,3.413826345471447699e+00
6.777716828090825374e-02,3.274344679023905691e+00
6.816446638537058955e-02,3.138804293249246147e+00
6.855176448983292536e-02,3.007187165400316609e+00
6.893906259429526118e-02,2.879470403813186419e+00
6.932636069875759699e-02,2.755626402322632007e+00
6.971365880321991892e-02,2.635623007111008498e+00
7.010095690768225474e-02,2.519423695040060363e+00
7.048825501214459055e-02,2.406987762460337965e+00
7.087555311660692636e-02,2.298270523431136247e+00
7.126285122106926218e-02,2.193223516250715210e+00
7.165014932553158411e-02,2.091794717152086314e+00
7.203744742999391992e-02,1.993928760013760515e+00
7.242474553445625574e-02,1.899567160912776220e+00
7.281204363891857767e-02,1.808648546351637965e+00
7.319934174338091348e-02,1.721108884003731854e+00
7.358663984784324930e-02,1.636881714835483725e+00
7.397393795230558511e-02,1.555898385497668235e+00
7.436123605676790704e-02,1.478088279912204595e+00
7.474853416123024286e-02,1.403379049023239844e+00
7.513583226569257867e-02,1.331696837736576544e+00
7.552313037015491448e-02,1.262966508123396503e+00
7.591042847461725029e-02,1.197111858030311726e+00
7.629772657907958611e-02,1.134055834294660503e+00
7.668502468354190804e-02,1.073720739844253425e+00
7.707232278800424385e-02,1.016028434016555293e+00
7.745962089246657967e-02,9.609005255314226890e-01
7.784691899692890160e-02,9.082585575661316080e-01
7.823421710139125129e-02,8.580241845424662062e-01
7.862151520585357323e-02,8.101193402204618366e-01
7.900881331031590904e-02,7.644663968156318878e-01
7.939611141477823097e-02,7.209883149043014861e-01
7.978340951924058067e-02,6.796087839612677817e-01
8.017070762370290260e-02,6.402523534162932739e-01
8.055800572816525229e-02,6.028445541932746510e-01
8.094530383262757423e-02,5.673120107486071539e-01
8.133260193708991004e-02,5.335825436658216958e-01
8.171990004155223197e-02,5.015852629274619723e-01
8.210719814601458166e-02,4.712506520143530109e-01
8.249449625047690360e-02,4.425106430384971867e-01
8.288179435493923941e-02,4.152986831293437597e-01
8.326909245940157522e-02,3.895497923491249570e-01
8.365639056386391104e-02,3.652006134218546141e-01
8.404368866832623297e-02,3.421894535893354461e-01
8.443098677278858266e-02,3.204563189330162931e-01
8.481828487725090460e-02,2.999429415065948956e-01
8.520558298171324041e-02,2.805927996425264803e-01
8.559288108617556234e-02,2.623511318061877984e-01
8.598017919063791203e-02,2.451649443718679211e-01
8.636747729510023397e-02,2.289830136982840547e-01
8.675477539956258366e-02,2.137558828933399102e-01
8.714207350402490559e-02,1.994358536351862610e-01
8.752937160848722753e-02,1.859769734331227498e-01
8.791666971294956334e-02,1.733350186949778604e-01
8.830396781741189915e-02,1.614674739593675856e-01
8.869126592187423497e-02,1.503335076467717246e-01
8.907856402633655690e-02,1.398939446732567760e-01
8.946586213079890659e-02,1.301112362504528441e-01
8.985316023526122853e-02,1.209494271954358741e-01
9.024045833972356434e-02,1.123741210489303116e-01
9.062775644418588628e-02,1.043524432981888100e-01
9.101505454864823597e-02,9.685300297098321798e-02
9.140235265311055790e-02,8.984585287234625461e-02
9.178965075757290759e-02,8.330244870213728003e-02
9.217694886203522953e-02,7.719560728722839327e-02
9.256424696649756534e-02,7.149946414594778032e-02
9.295154507095988727e-02,6.618943058619201902e-02
9.333884317542223696e-02,6.124215052109199114e-02
9.372614127988455890e-02,5.663545718160662573e-02
9.411343938434689471e-02,5.234832987822921058e-02
9.450073748880923052e-02,4.836085096208526252e-02
9.488803559327156634e-02,4.465416311731495308e-02
9.527533369773388827e-02,4.121042710173707102e-02
9.566263180219623796e-02,3.801278004926721132e-02
9.604992990665855990e-02,3.504529442665722111e-02
9.643722801112089571e-02,3.229293772974304449e-02
9.682452611558323152e-02,2.974153299920823113e-02
9.721182422004555346e-02,2.737772021521115567e-02
9.759912232450788927e-02,2.518891863080574903e-02
9.798642042897021120e-02,2.316329009165945044e-02
9.837371853343256090e-02,2.128970338183353711e-02
9.876101663789488283e-02,1.955769962230857056e-02
9.914831474235721864e-02,1.795745875503275413e-02
9.953561284681955446e-02,1.647976712670845209e-02
9.992291095128189027e-02,1.511598618225245411e-02
1.003102090557442122e-01,1.385802227993401282e-02
1.006975071602065619e-01,1.269829762735171473e-02
1.010848052646688838e-01,1.162972233616663652e-02
1.014721033691312196e-01,1.064566758403697085e-02
1.018594014735935416e-01,9.739939886274725026e-03
1.022466995780558913e-01,8.906756445399812566e-03
1.026339976825182132e-01,8.140721578906842670e-03
1.030212957869805629e-01,7.436804191704861171e-03
1.034085938914428848e-01,6.790316282780139816e-03
1.037958919959052206e-01,6.196892454384479547e-03
1.041831901003675426e-01,5.652470405749232540e-03
1.045704882048298923e-01,5.153272375662571771e-03
1.049577863092922142e-01,4.695787515344480509e-03
1.053450844137545500e-01,4.276755158041194854e-03
1.057323825182168858e-01,3.893148956495404069e-03
1.061196806226792216e-01,3.542161856283649289e-03
1.065069787271415436e-01,3.221191882577991144e-03
1.068942768316038655e-01,2.927828701851928079e-03
1.072815749360662152e-01,2.659840926202363190e-03
1.076688730405285371e-01,2.415164146069386647e-03
1.080561711449908868e-01,2.191889639383695111e-03
1.084434692494532088e-01,1.988253741521326268e-03
1.088307673539155446e-01,1.802627846866162705e-03
1.092180654583778665e-01,1.633509006761066536e-03
1.096053635628402162e-01,1.479511094265542398e-03
1.099926616673025381e-01,1.339356525142546515e-03
1.103799597717648739e-01,1.211868479566140331e-03
1.107672578762272098e-01,1.095963628972870026e-03
1.111545559806895456e-01,9.906453199120079760e-04
1.115418540851518675e-01,8.949972027249891628e-04
1.119291521896142172e-01,8.081772748771630073e-04
1.123164502940765391e-01,7.294123207262064729e-04
1.127037483985388749e-01,6.579927267623016367e-04
1.130910465030011969e-01,5.932676385789679941e-04
1.134783446074635466e-01,5.346404625778577091e-04
1.138656427119258685e-01,4.815646686452222246e-04
1.142529408163882182e-01,4.335398914594206432e-04
1.146402389208505401e-01,3.901083034586451067e-04
1.150275370253128759e-01,3.508512539625421368e-04
1.154148351297751979e-01,3.153861410045187899e-04
1.158021332342375476e-01,2.833635174215772814e-04
1.161894313386998695e-01,2.544644073051203852e-04
1.165767294431621914e-01,2.283978221888812159e-04
1.169640275476245411e-01,2.048984610937596795e-04
1.173513256520868631e-01,1.837245870877789362e-04
1.177386237565491989e-01,1.646560646995269897e-04
1.181259218610115208e-01,1.474925438881090464e-04
1.185132199654738705e-01,1.320517947913430910e-04
1.189005180699361924e-01,1.181681590970259157e-04
1.192878161743985421e-01,1.056911378104907767e-04
1.196751142788608641e-01,9.448407930321496735e-05
1.200624123833231999e-01,8.442297909656402315e-05
1.204497104877855218e-01,7.539537352328229706e-05
1.208370085922478715e-01,6.729932881519229892e-05
1.212243066967101934e-01,6.004250320312283219e-05
1.216116048011725292e-01,5.354129546439023973e-05
1.219989029056348651e-01,4.772006425363424357e-05
1.223862010100972009e-01,4.251040339873736533e-05
1.227734991145595228e-01,3.785049077551470853e-05
1.231607972190218725e-01,3.368448319234147622e-05
1.235480953234841944e-01,2.996197046589918004e-05
1.239353934279465302e-01,2.663746950724902340e-05
1.243226915324088522e-01,2.366996893708535788e-05
1.247099896368712019e-01,2.102250944609906523e-05
1.250972877413335238e-01,1.866180177903293305e-05
1.254845858457958596e-01,1.655788077660144426e-05
1.258718839502581954e-01,1.468378771304696599e-05
1.262591820547205035e-01,1.301528404254391719e-05
1.266464801591828671e-01,1.153058582763044294e-05
1.270337782636451751e-01,1.021013090953152342e-05
1.274210763681075387e-01,9.036358937332736579e-06
1.278083744725698467e-01,7.993516368169102372e-06
1.281956725770321825e-01,7.067478153016819047e-06
1.285829706814945184e-01,6.245587414946424905e-06
1.289702687859568542e-01,5.516510039192772131e-06
1.293575668904191900e-01,4.870099029566177090e-06
1.297448649948815258e-01,4.297278352639967863e-06
1.301321630993438616e-01,3.789931043892880275e-06
1.305194612038061974e-01,3.340808626584025413e-06
1.309067593082685055e-01,2.943431971980699501e-06
1.312940574127308690e-01,2.592022631892540593e-06
1.316813555171931771e-01,2.281424134367193830e-06
1.320686536216555129e-01,2.007037188242596398e-06
1.324559517261178487e-01,1.764766332155849696e-06
1.328432498305801845e-01,1.550962537634969994e-06
1.332305479350425204e-01,1.362378097860776195e-06
1.336178460395048562e-01,1.196124455009617590e-06
1.340051441439671920e-01,1.049633341062211188e-06
1.343924422484295278e-01,9.206216138780949911e-07
1.347797403528918359e-01,8.070615514647185285e-07
1.351670384573541994e-01,7.071561425413033086e-07
1.355543365618165075e-01,6.193060611958099926e-07
1.359416346662788433e-01,5.420991618557871296e-07
1.363289327707411791e-01,4.742788723943326618e-07
1.367162308752035149e-01,4.147361826816518693e-07
1.371035289796658507e-01,3.624861616705621121e-07
1.374908270841281588e-01,3.166609543907854241e-07
1.378781251885905224e-01,2.764895579086163625e-07
1.382654232930528304e-01,2.412946469722303766e-07
1.386527213975151940e-01,2.104733484332346148e-07
1.390400195019775020e-01,1.834968140918781987e-07
1.394273176064398378e-01,1.598978722931350536e-07
1.398146157109021737e-01,1.392645634921454385e-07
1.402019138153645095e-01,1.212331392183029286e-07
1.405892119198268453e-01,1.054824642753832161e-07
1.409765100242891811e-01,9.173345108255128818e-08
1.413638081287515169e-01,7.973558526778346772e-08
1.417511062332138527e-01,6.927295996900386308e-08
1.421384043376761608e-01,6.015298557463081208e-08
1.425257024421385244e-01,5.220727330056575349e-08
1.429130005466008324e-01,4.528825259665541702e-08
1.433002986510631682e-01,3.926645758211394903e-08
1.436875967555255040e-01,3.402902097124744998e-08
1.440748948599878398e-01,2.947456378783757714e-08
1.444621929644501757e-01,2.551769509403490714e-08
1.448494910689125115e-01,2.208079176312694599e-08
1.452367891733748473e-01,1.909634522576751510e-08
1.456240872778371553e-01,1.650828179171925551e-08
1.460113853822994912e-01,1.426307007662041091e-08
1.463986834867618270e-01,1.231681831755523134e-08
1.467859815912241628e-01,1.063177018835821213e-08
1.471732796956864986e-01,9.171451978566752771e-09
1.475605778001488344e-01,7.908668895149399869e-09
1.479478759046111702e-01,6.815588558364263398e-09
1.483351740090735060e-01,5.871211016365454445e-09
1.487224721135358141e-01,5.054947711262736841e-09
1.491097702179981777e-01,4.349897313095436672e-09
1.494970683224604857e-01,3.741260056010224412e-09
1.498843664269228493e-01,3.216587176372629178e-09
1.502716645313851573e-01,2.763618835670281715e-09
1.506589626358474932e-01,2.373590350668676654e-09
1.510462607403098290e-01,2.037748782067939809e-09
1.514335588447721648e-01,1.747907611412957371e-09
1.518208569492345006e-01,1.498895929030842861e-09
1.522081550536968364e-01,1.284595069925554003e-09
1.525954531581591722e-01,1.100603281817145236e-09
1.529827512626215080e-01,9.421347153005977925e-10
1.533700493670838161e-01,8.064810513996375877e-10
1.537573474715461797e-01,6.895552810294039487e-10
1.541446455760084877e-01,5.895923896503871766e-10
1.545319436804708235e-01,5.041299067512243706e-10
1.549192417849331593e-01,4.301124732576265918e-10
1.553065398893954951e-01,3.672907071896582004e-10
1.556938379938578032e-01,3.133628715103762288e-10
1.560811360983201668e-01,2.676005206414804020e-10
1.564684342027825026e-01,2.275510242873215753e-10
1.568557323072448106e-01,1.944064898535176165e-10
1.572430304117071465e-01,1.650012208297233710e-10
1.576303285161695100e-01,1.405174736470566106e-10
1.580176266206318181e-01,1.192600210500766769e-10
1.584049247250941539e-01,1.019491512475331280e-10
1.587922228295564619e-01,8.629243619425106650e-11
1.591795209340188255e-01,7.335076887146436130e-11
1.595668190384811613e-01,6.244466690163573245e-11
1.599541171429434694e-01,5.265368794685185884e-11
1.603414152474058052e-01,4.433840499224729720e-11
1.607287133518681688e-01,3.774527309603045773e-11
1.611160114563305046e-01,3.229792923984945936e-11
1.615033095607928126e-01,2.694156726980213306e-11
1.618906076652551485e-01,2.309850356486157946e-11
1.622779057697175120e-01,1.911761357614784296e-11
1.626652038741798201e-01,1.642641600030165022e-11
1.630525019786421559e-01,1.384124066543933226e-11
1.634398000831044639e-01,1.148256598017983015e-11
1.638270981875668275e-01,1.007152157742851260e-11
1.642143962920291633e-01,8.413163689231572737e-12
1.646016943964914714e-01,6.505759154415172498e-12
1.649889925009538072e-01,5.555234739068305216e-12
1.653762906054161430e-01,4.721141353441030743e-12
1.657635887098784788e-01,4.368377637722464996e-12
1.661508868143408146e-01,3.405716245762003552e-12
1.665381849188031504e-01,2.316510514659804208e-12
1.669254830232654585e-01,2.077578029798145749e-12
1.673127811277278221e-01,1.959989154168627109e-12
1.677000792321901579e-01,1.473457866836958481e-12
1.680873773366524659e-01,9.846157823467527229e-13
1.684746754411148018e-01,8.635604176784843984e-13
1.688619735455771653e-01,1.112891032779965566e-12
1.692492716500394734e-01,6.197166433422829488e-13
1.696365697545018092e-01,2.484641650165841379e-13
1.700238678589641173e-01,0.000000000000000000e+00
1.704111659634264808e-01,0.000000000000000000e+00
1.707984640678888166e-01,0.000000000000000000e+00
1.711857621723511247e-01,0.000000000000000000e+00
1.715730602768134605e-01,0.000000000000000000e+00
1.719603583812758241e-01,0.000000000000000000e+00
1.723476564857381599e-01,0.000000000000000000e+00
1.727349545902004679e-01,0.000000000000000000e+00
1.731222526946628038e-01,0.000000000000000000e+00
1.735095507991251673e-01,0.000000000000000000e+00
1.738968489035874754e-01,0.000000000000000000e+00
1.742841470080498112e-01,0.000000000000000000e+00
1.746714451125121192e-01,0.000000000000000000e+00
1.750587432169744551e-01,0.000000000000000000e+00
1.754460413214368186e-01,0.000000000000000000e+00
1.758333394258991267e-01,0.000000000000000000e+00
1.762206375303614625e-01,0.000000000000000000e+00
1.766079356348237983e-01,0.000000000000000000e+00
1.769952337392861341e-01,0.000000000000000000e+00
1.773825318437484699e-01,0.000000000000000000e+00
1.777698299482108057e-01,0.000000000000000000e+00
1.781571280526731138e-01,0.000000000000000000e+00
1.785444261571354774e-01,0.000000000000000000e+00
1.789317242615978132e-01,0.000000000000000000e+00
1.793190223660601212e-01,0.000000000000000000e+00
1.797063204705224571e-01,0.000000000000000000e+00
1.800936185749848206e-01,0.000000000000000000e+00
1.804809166794471287e-01,0.000000000000000000e+00
1.808682147839094645e-01,0.000000000000000000e+00
1.812555128883717726e-01,0.000000000000000000e+00
1.816428109928341361e-01,0.000000000000000000e+00
1.820301090972964719e-01,0.000000000000000000e+00
1.824174072017587800e-01,0.000000000000000000e+00
1.828047053062211158e-01,0.000000000000000000e+00
1.831920034106834794e-01,0.000000000000000000e+00
1.835793015151458152e-01,0.000000000000000000e+00
1.839665996196081232e-01,0.000000000000000000e+00
1.843538977240704591e-01,0.000000000000000000e+00
1.847411958285327671e-01,0.000000000000000000e+00
1.851284939329951307e-01,0.000000000000000000e+00
1.855157920374574665e-01,0.000000000000000000e+00
1.859030901419197745e-01,0.000000000000000000e+00
1.862903882463821104e-01,0.000000000000000000e+00
1.866776863508444739e-01,0.000000000000000000e+00
1.870649844553067820e-01,0.000000000000000000e+00
1.874522825597691178e-01,0.000000000000000000e+00
1.878395806642314536e-01,0.000000000000000000e+00
1.882268787686937894e-01,0.000000000000000000e+00
1.886141768731561252e-01,0.000000000000000000e+00
1.890014749776184610e-01,0.000000000000000000e+00
1.893887730820807691e-01,0.000000000000000000e+00
1.897760711865431327e-01,0.000000000000000000e+00
1.901633692910054685e-01,0.000000000000000000e+00
1.905506673954677765e-01,0.000000000000000000e+00
1.909379654999301124e-01,0.000000000000000000e+00
1.913252636043924759e-01,0.000000000000000000e+00
1.917125617088547840e-01,0.000000000000000000e+00
1.920998598133171198e-01,0.000000000000000000e+00
1.924871579177794279e-01,0.000000000000000000e+00
1.928744560222417914e-01,0.000000000000000000e+00
1.932617541267041272e-01,0.000000000000000000e+00
1.936490522311664630e-01,0.000000000000000000e+00
1.940363503356287711e-01,0.000000000000000000e+00
1.944236484400911069e-01,0.000000000000000000e+00
1.948109465445534705e-01,0.000000000000000000e+00
1.951982446490157785e-01,0.000000000000000000e+00
1.955855427534781144e-01,0.000000000000000000e+00
1.959728408579404224e-01,0.000000000000000000e+00
1.963601389624027860e-01,0.000000000000000000e+00
1.967474370668651218e-01,0.000000000000000000e+00
1.971347351713274298e-01,0.000000000000000000e+00
1.975220332757897657e-01,0.000000000000000000e+00
1.979093313802521292e-01,0.000000000000000000e+00
1.982966294847144373e-01,0.000000000000000000e+00
1.986839275891767731e-01,0.000000000000000000e+00
1.990712256936391089e-01,0.000000000000000000e+00
1.994585237981014447e-01,0.000000000000000000e+00
1.998458219025637805e-01,0.000000000000000000e+00
2.002331200070261163e-01,0.000000000000000000e+00
2.006204181114884244e-01,0.000000000000000000e+00
2.010077162159507880e-01,0.000000000000000000e+00
2.013950143204131238e-01,0.000000000000000000e+00
2.017823124248754318e-01,0.000000000000000000e+00
2.021696105293377677e-01,0.000000000000000000e+00
2.025569086338001312e-01,0.000000000000000000e+00
2.029442067382624393e-01,0.000000000000000000e+00
2.033315048427247751e-01,0.000000000000000000e+00
2.037188029471870832e-01,0.000000000000000000e+00
2.041061010516494190e-01,0.000000000000000000e+00
2.044933991561117825e-01,0.000000000000000000e+00
2.048806972605741183e-01,0.000000000000000000e+00
2.052679953650364264e-01,0.000000000000000000e+00
2.056552934694987622e-01,0.000000000000000000e+00
2.060425915739611258e-01,0.000000000000000000e+00
2.064298896784234338e-01,0.000000000000000000e+00
2.068171877828857697e-01,0.000000000000000000e+00
2.072044858873480777e-01,0.000000000000000000e+00
2.075917839918104413e-01,0.000000000000000000e+00
2.079790820962727771e-01,0.000000000000000000e+00
2.083663802007350851e-01,0.000000000000000000e+00
2.087536783051974210e-01,0.000000000000000000e+00
2.091409764096597845e-01,0.000000000000000000e+00
2.095282745141220926e-01,0.000000000000000000e+00
2.099155726185844284e-01,0.000000000000000000e+00
2.103028707230467642e-01,0.000000000000000000e+00
2.106901688275091000e-01,0.000000000000000000e+00
2.110774669319714358e-01,0.000000000000000000e+00
2.114647650364337716e-01,0.000000000000000000e+00
2.118520631408960797e-01,0.000000000000000000e+00
2.122393612453584433e-01,0.000000000000000000e+00
2.126266593498207791e-01,0.000000000000000000e+00
2.130139574542830871e-01,0.000000000000000000e+00
2.134012555587454230e-01,0.000000000000000000e+00
2.137885536632077310e-01,0.000000000000000000e+00
2.141758517676700946e-01,0.000000000000000000e+00
2.145631498721324304e-01,0.000000000000000000e+00
2.149504479765947385e-01,0.000000000000000000e+00
2.153377460810570743e-01,0.000000000000000000e+00
2.157250441855194378e-01,0.000000000000000000e+00
2.161123422899817736e-01,0.000000000000000000e+00
2.164996403944440817e-01,0.000000000000000000e+00
2.168869384989064175e-01,0.000000000000000000e+00
2.172742366033687811e-01,0.000000000000000000e+00
2.176615347078310891e-01,0.000000000000000000e+00
2.180488328122934250e-01,0.000000000000000000e+00
2.184361309167557330e-01,0.000000000000000000e+00
2.188234290212180966e-01,0.000000000000000000e+00
2.192107271256804324e-01,0.000000000000000000e+00
2.195980252301427404e-01,0.000000000000000000e+00
2.199853233346050763e-01,0.000000000000000000e+00
2.203726214390674398e-01,0.000000000000000000e+00
2.207599195435297479e-01,0.000000000000000000e+00
2.211472176479920837e-01,0.000000000000000000e+00
2.215345157524544195e-01,0.000000000000000000e+00
2.219218138569167553e-01,0.000000000000000000e+00
2.223091119613790911e-01,0.000000000000000000e+00
2.226964100658414270e-01,0.000000000000000000e+00
2.230837081703037350e-01,0.000000000000000000e+00
2.234710062747660708e-01,0.000000000000000000e+00
2.238583043792284344e-01,0.000000000000000000e+00
2.242456024836907424e-01,0.000000000000000000e+00
2.246329005881530783e-01,0.000000000000000000e+00
2.250201986926153863e-01,0.000000000000000000e+00
2.254074967970777499e-01,0.000000000000000000e+00
2.257947949015400857e-01,0.000000000000000000e+00
2.261820930060023938e-01,0.000000000000000000e+00
2.265693911104647296e-01,0.000000000000000000e+00
2.269566892149270931e-01,0.000000000000000000e+00
2.273439873193894289e-01,0.000000000000000000e+00
2.277312854238517370e-01,0.000000000000000000e+00
2.281185835283140728e-01,0.000000000000000000e+00
2.285058816327764364e-01,0.000000000000000000e+00
2.288931797372387444e-01,0.000000000000000000e+00
2.292804778417010803e-01,0.000000000000000000e+00
2.296677759461633883e-01,0.000000000000000000e+00
2.300550740506257519e-01,0.000000000000000000e+00
2.304423721550880877e-01,0.000000000000000000e+00
2.308296702595503958e-01,0.000000000000000000e+00
2.312169683640127316e-01,0.000000000000000000e+00
2.316042664684750951e-01,0.000000000000000000e+00
2.319915645729374032e-01,0.000000000000000000e+00
2.323788626773997390e-01,0.000000000000000000e+00
2.327661607818620748e-01,0.000000000000000000e+00
2.331534588863243829e-01,0.000000000000000000e+00
2.335407569907867464e-01,0.000000000000000000e+00
2.339280550952490823e-01,0.000000000000000000e+00
2.343153531997113903e-01,0.000000000000000000e+00
2.347026513041737261e-01,0.000000000000000000e+00
2.350899494086360897e-01,0.000000000000000000e+00
2.354772475130983977e-01,0.000000000000000000e+00
2.358645456175607336e-01,0.000000000000000000e+00
2.362518437220230416e-01,0.000000000000000000e+00
2.366391418264854052e-01,0.000000000000000000e+00
2.370264399309477410e-01,0.000000000000000000e+00
2.374137380354100491e-01,0.000000000000000000e+00
2.378010361398723849e-01,0.000000000000000000e+00
2.381883342443347484e-01,0.000000000000000000e+00
2.385756323487970842e-01,0.000000000000000000e+00
2.389629304532593923e-01,0.000000000000000000e+00
2.393502285577217281e-01,0.000000000000000000e+00
2.397375266621840917e-01,0.000000000000000000e+00
2.401248247666463997e-01,0.000000000000000000e+00
2.405121228711087356e-01,0.000000000000000000e+00
2.408994209755710436e-01,0.000000000000000000e+00
2.412867190800334072e-01,0.000000000000000000e+00
2.416740171844957430e-01,0.000000000000000000e+00
2.420613152889580511e-01,0.000000000000000000e+00
2.424486133934203869e-01,0.000000000000000000e+00
2.428359114978827227e-01,0.000000000000000000e+00
2.432232096023450585e-01,0.000000000000000000e+00
2.436105077068073943e-01,0.000000000000000000e+00
2.439978058112697301e-01,0.000000000000000000e+00
2.443851039157320382e-01,0.000000000000000000e+00
2.447724020201944017e-01,0.000000000000000000e+00
2.451597001246567376e-01,0.000000000000000000e+00
2.455469982291190456e-01,0.000000000000000000e+00
2.459342963335813814e-01,0.000000000000000000e+00
2.463215944380437450e-01,0.000000000000000000e+00
2.467088925425060530e-01,0.000000000000000000e+00
2.470961906469683889e-01,0.000000000000000000e+00
2.474834887514306969e-01,0.000000000000000000e+00
2.478707868558930605e-01,0.000000000000000000e+00
2.482580849603553963e-01,0.000000000000000000e+00
2.486453830648177044e-01,0.000000000000000000e+00
2.490326811692800402e-01,0.000000000000000000e+00
2.494199792737424037e-01,0.000000000000000000e+00
2.498072773782047395e-01,0.000000000000000000e+00
2.501945754826670476e-01,0.000000000000000000e+00
2.505818735871293557e-01,0.000000000000000000e+00
2.509691716915917192e-01,0.000000000000000000e+00
2.513564697960540828e-01,0.000000000000000000e+00
2.517437679005163909e-01,0.000000000000000000e+00
2.521310660049786989e-01,0.000000000000000000e+00
2.525183641094410070e-01,0.000000000000000000e+00
2.529056622139033705e-01,0.000000000000000000e+00
2.532929603183657341e-01,0.000000000000000000e+00
2.536802584228280422e-01,0.000000000000000000e+00
2.540675565272903502e-01,0.000000000000000000e+00
2.544548546317527138e-01,0.000000000000000000e+00
2.548421527362150774e-01,0.000000000000000000e+00
2.552294508406773854e-01,0.000000000000000000e+00
2.556167489451396935e-01,0.000000000000000000e+00
2.560040470496020570e-01,0.000000000000000000e+00
2.563913451540643651e-01,0.000000000000000000e+00
2.567786432585267287e-01,0.000000000000000000e+00
2.571659413629890367e-01,0.000000000000000000e+00
2.575532394674514003e-01,0.000000000000000000e+00
2.579405375719137083e-01,0.000000000000000000e+00
2.583278356763760164e-01,0.000000000000000000e+00
2.587151337808383800e-01,0.000000000000000000e+00
2.591024318853007435e-01,0.000000000000000000e+00
2.594897299897630516e-01,0.000000000000000000e+00
2.598770280942253597e-01,0.000000000000000000e+00
2.602643261986877232e-01,0.000000000000000000e+00
2.606516243031500313e-01,0.000000000000000000e+00
2.610389224076123948e-01,0.000000000000000000e+00
2.614262205120747029e-01,0.000000000000000000e+00
2.618135186165370110e-01,0.000000000000000000e+00
2.622008167209993745e-01,0.000000000000000000e+00
2.625881148254617381e-01,0.000000000000000000e+00
2.629754129299240462e-01,0.000000000000000000e+00
2.633627110343863542e-01,0.000000000000000000e+00
2.637500091388486623e-01,0.000000000000000000e+00
2.641373072433110258e-01,0.000000000000000000e+00
2.645246053477733894e-01,0.000000000000000000e+00
2.649119034522356975e-01,0.000000000000000000e+00
2.652992015566980055e-01,0.000000000000000000e+00
2.656864996611603691e-01,0.000000000000000000e+00
2.660737977656227327e-01,0.000000000000000000e+00
2.664610958700850407e-01,0.000000000000000000e+00
2.668483939745473488e-01,0.000000000000000000e+00
2.672356920790097123e-01,0.000000000000000000e+00
2.676229901834720204e-01,0.000000000000000000e+00
2.680102882879343840e-01,0.000000000000000000e+00
2.683975863923966920e-01,0.000000000000000000e+00
2.687848844968590556e-01,0.000000000000000000e+00
2.691721826013213636e-01,0.000000000000000000e+00
2.695594807057836717e-01,0.000000000000000000e+00
2.699467788102460353e-01,0.000000000000000000e+00
2.703340769147083988e-01,0.000000000000000000e+00
2.707213750191707069e-01,0.000000000000000000e+00
2.711086731236330150e-01,0.000000000000000000e+00
2.714959712280953785e-01,0.000000000000000000e+00
2.718832693325576866e-01,0.000000000000000000e+00
2.722705674370200501e-01,0.000000000000000000e+00
2.726578655414823582e-01,0.000000000000000000e+00
2.730451636459446663e-01,0.000000000000000000e+00
2.734324617504070298e-01,0.000000000000000000e+00
2.738197598548693934e-01,0.000000000000000000e+00
2.742070579593317015e-01,0.000000000000000000e+00
2.745943560637940095e-01,0.000000000000000000e+00
2.749816541682563176e-01,0.000000000000000000e+00
2.753689522727186811e-01,0.000000000000000000e+00
2.757562503771810447e-01,0.000000000000000000e+00
2.761435484816433528e-01,0.000000000000000000e+00
2.765308465861056608e-01,0.000000000000000000e+00
2.769181446905680244e-01,0.000000000000000000e+00
2.773054427950303880e-01,0.000000000000000000e+00
2.776927408994926960e-01,0.000000000000000000e+00
2.780800390039550041e-01,0.000000000000000000e+00
2.784673371084173676e-01,0.000000000000000000e+00
2.788546352128796757e-01,0.000000000000000000e+00
2.792419333173420393e-01,0.000000000000000000e+00
2.796292314218043473e-01,0.000000000000000000e+00
2.800165295262667109e-01,0.000000000000000000e+00
2.804038276307290189e-01,0.000000000000000000e+00
2.807911257351913270e-01,0.000000000000000000e+00
2.811784238396536906e-01,0.000000000000000000e+00
2.815657219441159986e-01,0.000000000000000000e+00
2.819530200485783622e-01,0.000000000000000000e+00
2.823403181530406703e-01,0.000000000000000000e+00
2.827276162575030338e-01,0.000000000000000000e+00
2.831149143619653419e-01,0.000000000000000000e+00
2.835022124664277055e-01,0.000000000000000000e+00
2.838895105708900135e-01,0.000000000000000000e+00
2.842768086753523216e-01,0.000000000000000000e+00
2.846641067798146851e-01,0.000000000000000000e+00
2.850514048842770487e-01,0.000000000000000000e+00
2.854387029887393568e-01,0.000000000000000000e+00
2.858260010932016648e-01,0.000000000000000000e+00
2.862132991976639729e-01,0.000000000000000000e+00
2.866005973021263364e-01,0.000000000000000000e+00
2.869878954065887000e-01,0.000000000000000000e+00
2.873751935110510081e-01,0.000000000000000000e+00
2.877624916155133161e-01,0.000000000000000000e+00
2.881497897199756797e-01,0.000000000000000000e+00
2.885370878244380433e-01,0.000000000000000000e+00
2.889243859289003513e-01,0.000000000000000000e+00
2.893116840333626594e-01,0.000000000000000000e+00
2.896989821378250229e-01,0.000000000000000000e+00
2.900862802422873310e-01,0.000000000000000000e+00
2.904735783467496946e-01,0.000000000000000000e+00
2.908608764512120026e-01,0.000000000000000000e+00
2.912481745556743107e-01,0.000000000000000000e+00
2.916354726601366742e-01,0.000000000000000000e+00
2.920227707645989823e-01,0.000000000000000000e+00
2.924100688690613459e-01,0.000000000000000000e+00
2.927973669735236539e-01,0.000000000000000000e+00
2.931846650779860175e-01,0.000000000000000000e+00
2.935719631824483256e-01,0.000000000000000000e+00
2.939592612869106891e-01,0.000000000000000000e+00
2.943465593913729972e-01,0.000000000000000000e+00
2.947338574958353608e-01,0.000000000000000000e+00
2.951211556002976688e-01,0.000000000000000000e+00
2.955084537047599769e-01,0.000000000000000000e+00
2.958957518092223404e-01,0.000000000000000000e+00
2.962830499136847040e-01,0.000000000000000000e+00
2.966703480181470121e-01,0.000000000000000000e+00
2.970576461226093201e-01,0.000000000000000000e+00
2.974449442270716282e-01,0.000000000000000000e+00
2.978322423315339917e-01,0.000000000000000000e+00
2.982195404359963553e-01,0.000000000000000000e+00
2.986068385404586634e-01,0.000000000000000000e+00
2.989941366449209714e-01,0.000000000000000000e+00
2.993814347493833350e-01,0.000000000000000000e+00
2.997687328538456986e-01,0.000000000000000000e+00
3.001560309583080066e-01,0.000000000000000000e+00
3.005433290627703147e-01,0.000000000000000000e+00
3.009306271672326227e-01,0.000000000000000000e+00
3.013179252716949863e-01,0.000000000000000000e+00
3.017052233761573499e-01,0.000000000000000000e+00
3.020925214806196579e-01,0.000000000000000000e+00
3.024798195850819660e-01,0.000000000000000000e+00
3.028671176895443296e-01,0.000000000000000000e+00
3.032544157940066376e-01,0.000000000000000000e+00
3.036417138984690012e-01,0.000000000000000000e+00
3.040290120029313092e-01,0.000000000000000000e+00
3.044163101073936728e-01,0.000000000000000000e+00
3.048036082118559809e-01,0.000000000000000000e+00
3.051909063163183444e-01,0.000000000000000000e+00
3.055782044207806525e-01,0.000000000000000000e+00
3.059655025252430161e-01,0.000000000000000000e+00
3.063528006297053241e-01,0.000000000000000000e+00
3.067400987341676322e-01,0.000000000000000000e+00
3.071273968386299957e-01,0.000000000000000000e+00
3.075146949430923593e-01,0.000000000000000000e+00
3.079019930475546674e-01,0.000000000000000000e+00
3.082892911520169754e-01,0.000000000000000000e+00
3.086765892564792835e-01,0.000000000000000000e+00
3.090638873609416470e-01,0.000000000000000000e+00
3.094511854654040106e-01,0.000000000000000000e+00
3.098384835698663187e-01,0.000000000000000000e+00
3.102257816743286267e-01,0.000000000000000000e+00
3.106130797787909903e-01,0.000000000000000000e+00
3.110003778832532984e-01,0.000000000000000000e+00
3.113876759877156064e-01,0.000000000000000000e+00
3.117749740921780255e-01,0.000000000000000000e+00
3.121622721966403335e-01,0.000000000000000000e+00
3.125495703011026416e-01,0.000000000000000000e+00
3.129368684055650052e-01,0.000000000000000000e+00
3.133241665100273132e-01,0.000000000000000000e+00
3.137114646144896213e-01,0.000000000000000000e+00
3.140987627189519849e-01,0.000000000000000000e+00
3.144860608234142929e-01,0.000000000000000000e+00
3.148733589278766565e-01,0.000000000000000000e+00
3.152606570323390200e-01,0.000000000000000000e+00
3.156479551368013281e-01,0.000000000000000000e+00
3.160352532412636362e-01,0.000000000000000000e+00
3.164225513457259997e-01,0.000000000000000000e+00
3.168098494501883078e-01,0.000000000000000000e+00
3.171971475546506158e-01,0.000000000000000000e+00
3.175844456591129239e-01,0.000000000000000000e+00
3.179717437635753430e-01,0.000000000000000000e+00
3.183590418680376510e-01,0.000000000000000000e+00
3.187463399725000146e-01,0.000000000000000000e+00
3.191336380769623227e-01,0.000000000000000000e+00
3.195209361814246307e-01,0.000000000000000000e+00
3.199082342858869388e-01,0.000000000000000000e+00
3.202955323903493023e-01,0.000000000000000000e+00
3.206828304948116104e-01,0.000000000000000000e+00
3.210701285992739185e-01,0.000000000000000000e+00
3.214574267037363375e-01,0.000000000000000000e+00
3.218447248081986456e-01,0.000000000000000000e+00
3.222320229126610092e-01,0.000000000000000000e+00
3.226193210171233172e-01,0.000000000000000000e+00
3.230066191215856253e-01,0.000000000000000000e+00
3.233939172260479333e-01,0.000000000000000000e+00
3.237812153305102969e-01,0.000000000000000000e+00
3.241685134349726050e-01,0.000000000000000000e+00
3.245558115394350240e-01,0.000000000000000000e+00
3.249431096438973321e-01,0.000000000000000000e+00
3.253304077483596402e-01,0.000000000000000000e+00
3.257177058528219482e-01,0.000000000000000000e+00
3.261050039572843118e-01,0.000000000000000000e+00
3.264923020617466198e-01,0.000000000000000000e+00
3.268796001662089279e-01,0.000000000000000000e+00
3.272668982706712915e-01,0.000000000000000000e+00
3.276541963751336550e-01,0.000000000000000000e+00
3.280414944795959631e-01,0.000000000000000000e+00
3.284287925840583267e-01,0.000000000000000000e+00
3.288160906885206347e-01,0.000000000000000000e+00
3.292033887929829428e-01,0.000000000000000000e+00
3.295906868974453063e-01,0.000000000000000000e+00
3.299779850019076144e-01,0.000000000000000000e+00
3.303652831063699225e-01,0.000000000000000000e+00
3.307525812108322860e-01,0.000000000000000000e+00
3.311398793152946496e-01,0.000000000000000000e+00
3.315271774197569576e-01,0.000000000000000000e+00
3.319144755242193212e-01,0.000000000000000000e+00
3.323017736286816293e-01,0.000000000000000000e+00
3.326890717331439373e-01,0.000000000000000000e+00
3.330763698376063009e-01,0.000000000000000000e+00
3.334636679420686090e-01,0.000000000000000000e+00
3.338509660465309170e-01,0.000000000000000000e+00
3.342382641509933361e-01,0.000000000000000000e+00
3.346255622554556441e-01,0.000000000000000000e+00
3.350128603599179522e-01,0.000000000000000000e+00
3.354001584643803158e-01,0.000000000000000000e+00
3.357874565688426238e-01,0.000000000000000000e+00
3.361747546733049319e-01,0.000000000000000000e+00
3.365620527777672955e-01,0.000000000000000000e+00
3.369493508822296035e-01,0.000000000000000000e+00
3.373366489866919671e-01,0.000000000000000000e+00
3.377239470911543306e-01,0.000000000000000000e+00
3.381112451956166387e-01,0.000000000000000000e+00
3.384985433000789468e-01,0.000000000000000000e+00
3.388858414045413103e-01,0.000000000000000000e+00
3.392731395090036184e-01,0.000000000000000000e+00
3.396604376134659264e-01,0.000000000000000000e+00
3.400477357179282345e-01,0.000000000000000000e+00
3.404350338223905981e-01,0.000000000000000000e+00
3.408223319268529616e-01,0.000000000000000000e+00
3.412096300313153252e-01,0.000000000000000000e+00
3.415969281357776333e-01,0.000000000000000000e+00
3.419842262402399413e-01,0.000000000000000000e+00
3.423715243447022494e-01,0.000000000000000000e+00
3.427588224491646129e-01,0.000000000000000000e+00
3.431461205536269210e-01,0.000000000000000000e+00
3.435334186580892291e-01,0.000000000000000000e+00
3.439207167625516481e-01,0.000000000000000000e+00
3.443080148670139562e-01,0.000000000000000000e+00
3.446953129714763198e-01,0.000000000000000000e+00
3.450826110759386278e-01,0.000000000000000000e+00
3.454699091804009359e-01,0.000000000000000000e+00
3.458572072848632439e-01,0.000000000000000000e+00
3.462445053893256075e-01,0.000000000000000000e+00
3.466318034937879156e-01,0.000000000000000000e+00
3.470191015982503346e-01,0.000000000000000000e+00
3.474063997027126427e-01,0.000000000000000000e+00
3.477936978071749508e-01,0.000000000000000000e+00
3.481809959116372588e-01,0.000000000000000000e+00
3.485682940160996224e-01,0.000000000000000000e+00
3.489555921205619304e-01,0.000000000000000000e+00
3.493428902250242385e-01,0.000000000000000000e+00
3.497301883294866021e-01,0.000000000000000000e+00
3.501174864339489101e-01,0.000000000000000000e+00
3.505047845384112737e-01,0.000000000000000000e+00
3.508920826428736373e-01,0.000000000000000000e+00
3.512793807473359453e-01,0.000000000000000000e+00
3.516666788517982534e-01,0.000000000000000000e+00
3.520539769562606169e-01,0.000000000000000000e+00
3.524412750607229250e-01,0.000000000000000000e+00
3.528285731651852331e-01,0.000000000000000000e+00
3.532158712696475966e-01,0.000000000000000000e+00
3.536031693741099602e-01,0.000000000000000000e+00
3.539904674785722682e-01,0.000000000000000000e+00
3.543777655830346318e-01,0.000000000000000000e+00
3.547650636874969399e-01,0.000000000000000000e+00
3.551523617919592479e-01,0.000000000000000000e+00
3.555396598964216115e-01,0.000000000000000000e+00
3.559269580008839196e-01,0.000000000000000000e+00
3.563142561053462276e-01,0.000000000000000000e+00
3.567015542098086467e-01,0.000000000000000000e+00
3.570888523142709547e-01,0.000000000000000000e+00
3.574761504187332628e-01,0.000000000000000000e+00
3.578634485231956264e-01,0.000000000000000000e+00
3.582507466276579344e-01,0.000000000000000000e+00
3.586380447321202425e-01,0.000000000000000000e+00
3.590253428365826061e-01,0.000000000000000000e+00
3.594126409410449141e-01,0.000000000000000000e+00
3.597999390455072222e-01,0.000000000000000000e+00
3.601872371499696412e-01,0.000000000000000000e+00
3.605745352544319493e-01,0.000000000000000000e+00
3.609618333588942574e-01,0.000000000000000000e+00
3.613491314633566209e-01,0.000000000000000000e+00
3.617364295678189290e-01,0.000000000000000000e+00
3.621237276722812370e-01,0.000000000000000000e+00
3.625110257767435451e-01,0.000000000000000000e+00
3.628983238812059087e-01,0.000000000000000000e+00
3.632856219856682722e-01,0.000000000000000000e+00
3.636729200901306358e-01,0.000000000000000000e+00
3.640602181945929439e-01,0.000000000000000000e+00
3.644475162990552519e-01,0.000000000000000000e+00
3.648348144035175600e-01,0.000000000000000000e+00
3.652221125079799235e-01,0.000000000000000000e+00
3.656094106124422316e-01,0.000000000000000000e+00
3.659967087169045397e-01,0.000000000000000000e+00
3.663840068213669587e-01,0.000000000000000000e+00
3.667713049258292668e-01,0.000000000000000000e+00
3.671586030302916304e-01,0.000000000000000000e+00
3.675459011347539384e-01,0.000000000000000000e+00
3.679331992392162465e-01,0.000000000000000000e+00
3.683204973436785545e-01,0.000000000000000000e+00
3.687077954481409181e-01,0.000000000000000000e+00
3.690950935526032262e-01,0.000000000000000000e+00
3.694823916570655342e-01,0.000000000000000000e+00
3.698696897615279533e-01,0.000000000000000000e+00
3.702569878659902614e-01,0.000000000000000000e+00
3.706442859704525694e-01,0.000000000000000000e+00
3.710315840749149330e-01,0.000000000000000000e+00
3.714188821793772410e-01,0.000000000000000000e+00
3.718061802838395491e-01,0.000000000000000000e+00
3.721934783883019127e-01,0.000000000000000000e+00
3.725807764927642207e-01,0.000000000000000000e+00
3.729680745972265843e-01,0.000000000000000000e+00
3.733553727016889479e-01,0.000000000000000000e+00
3.737426708061512559e-01,0.000000000000000000e+00
3.741299689106135640e-01,0.000000000000000000e+00
3.745172670150759275e-01,0.000000000000000000e+00
3.749045651195382356e-01,0.000000000000000000e+00
3.752918632240005437e-01,0.000000000000000000e+00
3.756791613284629072e-01,0.000000000000000000e+00
3.760664594329252708e-01,0.000000000000000000e+00
3.764537575373875788e-01,0.000000000000000000e+00
3.768410556418499424e-01,0.000000000000000000e+00
3.772283537463122505e-01,0.000000000000000000e+00
3.776156518507745585e-01,0.000000000000000000e+00
3.780029499552369221e-01,0.000000000000000000e+00
3.783902480596992302e-01,0.000000000000000000e+00
3.787775461641615382e-01,0.000000000000000000e+00
3.791648442686239018e-01,0.000000000000000000e+00
3.795521423730862653e-01,0.000000000000000000e+00
3.799394404775485734e-01,0.000000000000000000e+00
3.803267385820109370e-01,0.000000000000000000e+00
3.807140366864732450e-01,0.000000000000000000e+00
3.811013347909355531e-01,0.000000000000000000e+00
3.814886328953979167e-01,0.000000000000000000e+00
3.818759309998602247e-01,0.000000000000000000e+00
3.822632291043225328e-01,0.000000000000000000e+00
3.826505272087849518e-01,0.000000000000000000e+00
3.830378253132472599e-01,0.000000000000000000e+00
3.834251234177095680e-01,0.000000000000000000e+00
3.838124215221719315e-01,0.000000000000000000e+00
3.841997196266342396e-01,0.000000000000000000e+00
3.845870177310965476e-01,0.000000000000000000e+00
3.849743158355588557e-01,0.000000000000000000e+00
3.853616139400212193e-01,0.000000000000000000e+00
3.857489120444835828e-01,0.000000000000000000e+00
3.861362101489459464e-01,0.000000000000000000e+00
3.865235082534082545e-01,0.000000000000000000e+00
3.869108063578705625e-01,0.000000000000000000e+00
3.872981044623329261e-01,0.000000000000000000e+00
3.876854025667952341e-01,0.000000000000000000e+00
3.880727006712575422e-01,0.000000000000000000e+00
3.884599987757198503e-01,0.000000000000000000e+00
3.888472968801822138e-01,0.000000000000000000e+00
3.892345949846445774e-01,0.000000000000000000e+00
3.896218930891069410e-01,0.000000000000000000e+00
3.900091911935692490e-01,0.000000000000000000e+00
3.903964892980315571e-01,0.000000000000000000e+00
3.907837874024938651e-01,0.000000000000000000e+00
3.911710855069562287e-01,0.000000000000000000e+00
3.915583836114185368e-01,0.000000000000000000e+00
3.919456817158808448e-01,0.000000000000000000e+00
3.923329798203432639e-01,0.000000000000000000e+00
3.927202779248055720e-01,0.000000000000000000e+00
3.931075760292678800e-01,0.000000000000000000e+00
3.934948741337302436e-01,0.000000000000000000e+00
3.938821722381925516e-01,0.000000000000000000e+00
3.942694703426548597e-01,0.000000000000000000e+00
3.946567684471172233e-01,0.000000000000000000e+00
3.950440665515795313e-01,0.000000000000000000e+00
3.954313646560418949e-01,0.000000000000000000e+00
3.958186627605042585e-01,0.000000000000000000e+00
3.962059608649665665e-01,0.000000000000000000e+00
3.965932589694288746e-01,0.000000000000000000e+00
3.969805570738912381e-01,0.000000000000000000e+00
3.973678551783535462e-01,0.000000000000000000e+00
3.977551532828158543e-01,0.000000000000000000e+00
3.981424513872782178e-01,0.000000000000000000e+00
3.985297494917405259e-01,0.000000000000000000e+00
3.989170475962028894e-01,0.000000000000000000e+00
3.993043457006652530e-01,0.000000000000000000e+00
3.996916438051275611e-01,0.000000000000000000e+00
4.000789419095898691e-01,0.000000000000000000e+00
4.004662400140522327e-01,0.000000000000000000e+00
4.008535381185145408e-01,0.000000000000000000e+00
4.012408362229768488e-01,0.000000000000000000e+00
4.016281343274392124e-01,0.000000000000000000e+00
4.020154324319015759e-01,0.000000000000000000e+00
4.024027305363638840e-01,0.000000000000000000e+00
4.027900286408262476e-01,0.000000000000000000e+00
4.031773267452885556e-01,0.000000000000000000e+00
4.035646248497508637e-01,0.000000000000000000e+00
4.039519229542132273e-01,0.000000000000000000e+00
4.043392210586755353e-01,0.000000000000000000e+00
4.047265191631378434e-01,0.000000000000000000e+00
4.051138172676002625e-01,0.000000000000000000e+00
4.055011153720625705e-01,0.000000000000000000e+00
4.058884134765248786e-01,0.000000000000000000e+00
4.062757115809872421e-01,0.000000000000000000e+00
4.066630096854495502e-01,0.000000000000000000e+00
4.070503077899118582e-01,0.000000000000000000e+00
4.074376058943741663e-01,0.000000000000000000e+00
4.078249039988365299e-01,0.000000000000000000e+00
4.082122021032988379e-01,0.000000000000000000e+00
4.085995002077612570e-01,0.000000000000000000e+00
4.089867983122235651e-01,0.000000000000000000e+00
4.093740964166858731e-01,0.000000000000000000e+00
4.097613945211482367e-01,0.000000000000000000e+00
4.101486926256105447e-01,0.000000000000000000e+00
4.105359907300728528e-01,0.000000000000000000e+00
4.109232888345351609e-01,0.000000000000000000e+00
4.113105869389975244e-01,0.000000000000000000e+00
4.116978850434598880e-01,0.000000000000000000e+00
4.120851831479222516e-01,0.000000000000000000e+00
4.124724812523845596e-01,0.000000000000000000e+00
4.128597793568468677e-01,0.000000000000000000e+00
4.132470774613091757e-01,0.000000000000000000e+00
4.136343755657715393e-01,0.000000000000000000e+00
4.140216736702338474e-01,0.000000000000000000e+00
4.144089717746961554e-01,0.000000000000000000e+00
4.147962698791585745e-01,0.000000000000000000e+00
4.151835679836208826e-01,0.000000000000000000e+00
4.155708660880831906e-01,0.000000000000000000e+00
4.159581641925455542e-01,0.000000000000000000e+00
4.163454622970078622e-01,0.000000000000000000e+00
4.167327604014701703e-01,0.000000000000000000e+00
4.171200585059325339e-01,0.000000000000000000e+00
4.175073566103948419e-01,0.000000000000000000e+00
4.178946547148571500e-01,0.000000000000000000e+00
4.182819528193195691e-01,0.000000000000000000e+00
4.186692509237818771e-01,0.000000000000000000e+00
4.190565490282441852e-01,0.000000000000000000e+00
4.194438471327065487e-01,0.000000000000000000e+00
4.198311452371688568e-01,0.000000000000000000e+00
4.202184433416311649e-01,0.000000000000000000e+00
4.206057414460935284e-01,0.000000000000000000e+00
4.209930395505558365e-01,0.000000000000000000e+00
4.213803376550182000e-01,0.000000000000000000e+00
4.217676357594805636e-01,0.000000000000000000e+00
4.221549338639428717e-01,0.000000000000000000e+00
4.225422319684051797e-01,0.000000000000000000e+00
4.229295300728675433e-01,0.000000000000000000e+00
4.233168281773298514e-01,0.000000000000000000e+00
4.237041262817921594e-01,0.000000000000000000e+00
4.240914243862545230e-01,0.000000000000000000e+00
4.244787224907168866e-01,0.000000000000000000e+00
4.248660205951791946e-01,0.000000000000000000e+00
4.252533186996415582e-01,0.000000000000000000e+00
4.256406168041038662e-01,0.000000000000000000e+00
4.260279149085661743e-01,0.000000000000000000e+00
4.264152130130285379e-01,0.000000000000000000e+00
4.268025111174908459e-01,0.000000000000000000e+00
4.271898092219531540e-01,0.000000000000000000e+00
4.275771073264154620e-01,0.000000000000000000e+00
4.279644054308778811e-01,0.000000000000000000e+00
4.283517035353401892e-01,0.000000000000000000e+00
4.287390016398025527e-01,0.000000000000000000e+00
4.291262997442648608e-01,0.000000000000000000e+00
4.295135978487271688e-01,0.000000000000000000e+00
4.299008959531894769e-01,0.000000000000000000e+00
4.302881940576518405e-01,0.000000000000000000e+00
4.306754921621141485e-01,0.000000000000000000e+00
4.310627902665765676e-01,0.000000000000000000e+00
4.314500883710388757e-01,0.000000000000000000e+00
4.318373864755011837e-01,0.000000000000000000e+00
4.322246845799635473e-01,0.000000000000000000e+00
4.326119826844258553e-01,0.000000000000000000e+00
4.329992807888881634e-01,0.000000000000000000e+00
4.333865788933504715e-01,0.000000000000000000e+00
4.337738769978128350e-01,0.000000000000000000e+00
4.341611751022751986e-01,0.000000000000000000e+00
4.345484732067375622e-01,0.000000000000000000e+00
4.349357713111998702e-01,0.000000000000000000e+00
4.353230694156621783e-01,0.000000000000000000e+00
4.357103675201244863e-01,0.000000000000000000e+00
4.360976656245868499e-01,0.000000000000000000e+00
4.364849637290491580e-01,0.000000000000000000e+00
4.368722618335114660e-01,0.000000000000000000e+00
4.372595599379738296e-01,0.000000000000000000e+00
4.376468580424361932e-01,0.000000000000000000e+00
4.380341561468985012e-01,0.000000000000000000e+00
4.384214542513608648e-01,0.000000000000000000e+00
4.388087523558231728e-01,0.000000000000000000e+00
4.391960504602854809e-01,0.000000000000000000e+00
4.395833485647478445e-01,0.000000000000000000e+00
4.399706466692101525e-01,0.000000000000000000e+00
4.403579447736724606e-01,0.000000000000000000e+00
4.407452428781348797e-01,0.000000000000000000e+00
4.411325409825971877e-01,0.000000000000000000e+00
4.415198390870594958e-01,0.000000000000000000e+00
4.419071371915218593e-01,0.000000000000000000e+00
4.422944352959841674e-01,0.000000000000000000e+00
4.426817334004464755e-01,0.000000000000000000e+00
4.430690315049088390e-01,0.000000000000000000e+00
4.434563296093711471e-01,0.000000000000000000e+00
4.438436277138335107e-01,0.000000000000000000e+00
4.442309258182958742e-01,0.000000000000000000e+00
4.446182239227581823e-01,0.000000000000000000e+00
4.450055220272204903e-01,0.000000000000000000e+00
4.453928201316828539e-01,0.000000000000000000e+00
4.457801182361451620e-01,0.000000000000000000e+00
4.461674163406074700e-01,0.000000000000000000e+00
4.465547144450698336e-01,0.000000000000000000e+00
4.469420125495321416e-01,0.000000000000000000e+00
4.473293106539945052e-01,0.000000000000000000e+00
4.477166087584568688e-01,0.000000000000000000e+00
4.481039068629191768e-01,0.000000000000000000e+00
4.484912049673814849e-01,0.000000000000000000e+00
4.488785030718438485e-01,0.000000000000000000e+00
4.492658011763061565e-01,0.000000000000000000e+00
4.496530992807684646e-01,0.000000000000000000e+00
4.500403973852307726e-01,0.000000000000000000e+00
4.504276954896931917e-01,0.000000000000000000e+00
4.508149935941554998e-01,0.000000000000000000e+00
4.512022916986178633e-01,0.000000000000000000e+00
4.515895898030801714e-01,0.000000000000000000e+00
4.519768879075424795e-01,0.000000000000000000e+00
4.523641860120047875e-01,0.000000000000000000e+00
4.527514841164671511e-01,0.000000000000000000e+00
4.531387822209294591e-01,0.000000000000000000e+00
4.535260803253918782e-01,0.000000000000000000e+00
4.539133784298541863e-01,0.000000000000000000e+00
4.543006765343164943e-01,0.000000000000000000e+00
4.546879746387788579e-01,0.000000000000000000e+00
4.550752727432411660e-01,0.000000000000000000e+00
4.554625708477034740e-01,0.000000000000000000e+00
4.558498689521657821e-01,0.000000000000000000e+00
4.562371670566281456e-01,0.000000000000000000e+00
4.566244651610904537e-01,0.000000000000000000e+00
4.570117632655528728e-01,0.000000000000000000e+00
4.573990613700151808e-01,0.000000000000000000e+00
4.577863594744774889e-01,0.000000000000000000e+00
4.581736575789397969e-01,0.000000000000000000e+00
4.585609556834021605e-01,0.000000000000000000e+00
4.589482537878644686e-01,0.000000000000000000e+00
4.593355518923267766e-01,0.000000000000000000e+00
4.597228499967891402e-01,0.000000000000000000e+00
4.601101481012515038e-01,0.000000000000000000e+00
4.604974462057138118e-01,0.000000000000000000e+00
4.608847443101761754e-01,0.000000000000000000e+00
4.612720424146384834e-01,0.000000000000000000e+00
4.616593405191007915e-01,0.000000000000000000e+00
4.620466386235631551e-01,0.000000000000000000e+00
4.624339367280254631e-01,0.000000000000000000e+00
4.628212348324877712e-01,0.000000000000000000e+00
4.632085329369501903e-01,0.000000000000000000e+00
4.635958310414124983e-01,0.000000000000000000e+00
4.639831291458748064e-01,0.000000000000000000e+00
4.643704272503371699e-01,0.000000000000000000e+00
4.647577253547994780e-01,0.000000000000000000e+00
4.651450234592617861e-01,0.000000000000000000e+00
4.655323215637241496e-01,0.000000000000000000e+00
4.659196196681864577e-01,0.000000000000000000e+00
4.663069177726487657e-01,0.000000000000000000e+00
4.666942158771111848e-01,0.000000000000000000e+00
4.670815139815734929e-01,0.000000000000000000e+00
4.674688120860358009e-01,0.000000000000000000e+00
4.678561101904981645e-01,0.000000000000000000e+00
4.682434082949604726e-01,0.000000000000000000e+00
4.686307063994227806e-01,0.000000000000000000e+00
4.690180045038851442e-01,0.000000000000000000e+00
4.694053026083474522e-01,0.000000000000000000e+00
4.697926007128098158e-01,0.000000000000000000e+00
4.701798988172721794e-01,0.000000000000000000e+00
4.705671969217344874e-01,0.000000000000000000e+00
4.709544950261967955e-01,0.000000000000000000e+00
4.713417931306591591e-01,0.000000000000000000e+00
4.717290912351214671e-01,0.000000000000000000e+00
4.721163893395837752e-01,0.000000000000000000e+00
4.725036874440460832e-01,0.000000000000000000e+00
4.728909855485085023e-01,0.000000000000000000e+00
4.732782836529708104e-01,0.000000000000000000e+00
4.736655817574331739e-01,0.000000000000000000e+00
4.740528798618954820e-01,0.000000000000000000e+00
4.744401779663577901e-01,0.000000000000000000e+00
4.748274760708200981e-01,0.000000000000000000e+00
4.752147741752824617e-01,0.000000000000000000e+00
4.756020722797447697e-01,0.000000000000000000e+00
4.759893703842070778e-01,0.000000000000000000e+00
4.763766684886694969e-01,0.000000000000000000e+00
4.767639665931318049e-01,0.000000000000000000e+00
4.771512646975941685e-01,0.000000000000000000e+00
4.775385628020564766e-01,0.000000000000000000e+00
4.779258609065187846e-01,0.000000000000000000e+00
4.783131590109810927e-01,0.000000000000000000e+00
4.787004571154434562e-01,0.000000000000000000e+00
4.790877552199057643e-01,0.000000000000000000e+00
4.794750533243681834e-01,0.000000000000000000e+00
4.798623514288304914e-01,0.000000000000000000e+00
4.802496495332927995e-01,0.000000000000000000e+00
4.806369476377551075e-01,0.000000000000000000e+00
4.810242457422174711e-01,0.000000000000000000e+00
4.814115438466797792e-01,0.000000000000000000e+00
4.817988419511420872e-01,0.000000000000000000e+00
4.821861400556044508e-01,0.000000000000000000e+00
4.825734381600668144e-01,0.000000000000000000e+00
4.829607362645291224e-01,0.000000000000000000e+00
4.833480343689914860e-01,0.000000000000000000e+00
4.837353324734537940e-01,0.000000000000000000e+00
4.841226305779161021e-01,0.000000000000000000e+00
